node_id,tier,revenue_mil,cogs_mil,inventory_mil,ar_mil,ap_mil,current_assets_mil,current_liab_mil,total_debt_mil,total_equity_mil,ebitda_mil,interest_exp_mil,total_orders,on_time_orders,lead_time_mean,lead_time_std,country_risk,disaster_risk,otif_rate
SUP_000,Supplier,91.00573014260635,81.61978141886806,23.980463227437593,36.007133490788675,23.97269778959035,49.34516931276475,19.67005514267647,35.966061773894396,40.63221868387743,10.404130527519689,5.124793686842574,2779,2694,18.152504221744152,5.214369303892167,62.858004943375875,0.5870706444239219,0.9696479388059923
SUP_001,Supplier,134.60054279009734,104.02036979020896,3.866257135699319,22.18109681197255,5.453887018791958,46.87168843607428,26.952211070068955,35.6102500643759,12.917103042166898,4.798136529511506,4.439778634344752,907,883,10.318085746961732,1.4240964623239545,53.0576538140926,0.2825571388896617,0.9739554393180093
SUP_002,Supplier,103.15044860077204,158.78031928618972,29.180998814778764,37.86566941790814,20.0283815656565,27.74206801284452,23.24884441972255,29.7327219673516,68.1374119483388,4.267523473102836,2.8336328723668847,1491,1305,19.322466904617254,6.863075191239283,70.86152009665597,0.18670545052586596,0.8758107877498476
SUP_003,Supplier,195.67835292778264,111.76580771673211,2.291975583127286,12.450298933353123,7.996405898158081,13.462715314292996,43.513581168809374,26.52148825591657,72.70702181603173,12.633111613672735,1.1887846373805493,2382,2251,29.559347245894713,4.991854014708829,57.857472783471025,0.49884390765771924,0.9453767657689428
SUP_004,Supplier,166.11856185622477,110.18939806306788,5.586680898253601,15.51589772179644,23.345923727499144,21.230780592192595,21.770179881987993,24.44345973248882,40.758349278611654,22.227006222319343,5.6869171075958915,2961,2451,28.422985722668695,5.458688336194039,52.243109514192625,0.05762893399213612,0.8278722531273858
SUP_005,Supplier,198.63477208810463,112.36096555972327,10.873829365658459,35.53294041992002,7.943927266711817,37.20082895913758,31.534618258003526,14.94785171541778,78.48780951604171,26.69033289730692,3.5679727403108847,1162,1046,22.43556042898357,2.317801247659153,55.42674972830099,0.6408018437147049,0.9002085634398171
SUP_006,Supplier,188.72985196948142,21.260191690566693,6.6148148404242395,7.873964617818791,18.697537929661795,50.889266492847256,15.89992055349486,27.763371182832305,68.849211960784,26.18245097728627,3.4823046302051655,2224,2044,24.355323293685405,5.055225183625185,26.885496316302042,0.14094162295260415,0.9194174373434518
SUP_007,Supplier,36.876245716200195,98.69005357669477,26.55987636231931,19.050618953426557,5.699508001028162,37.902116257448355,38.03483202403126,38.37704276808185,71.7015545772515,11.170769209212638,1.5667462699727617,2355,2144,25.60156131138151,2.485424498162063,56.0805217046486,0.48984277761780487,0.9105842044212111
SUP_008,Supplier,130.87738104683223,42.26358651923534,11.950767923200704,32.0002960259597,14.747209825036382,10.261480677145636,36.15665812103947,6.589010972310758,62.20136479118625,8.681858485452835,5.769404140656591,2278,2066,26.52334817292759,4.163010040841249,52.63326387674906,0.12482843414683428,0.9073446806240973
SUP_009,Supplier,89.36765894852513,108.28795108720873,23.851193732123686,11.03673661457479,5.169926680662414,43.15210022502461,8.069555690421694,13.026766293829843,12.034996624076761,7.507208889210741,1.4972560395902788,1440,1185,10.045794076108908,4.90567428177486,51.263237842598045,0.43539531554313643,0.8235230169847171
SUP_010,Supplier,31.673647006934303,99.09764917707903,17.721568462866664,23.744423493398326,15.880216331718461,43.82339686131811,37.78459298818848,17.141932405769644,67.75345871260434,18.44243751469397,0.9238205352388213,905,799,23.299144263217173,5.899328815526149,83.82799737899944,0.17590519691384565,0.883096827364938
SUP_011,Supplier,168.52352017990074,90.44300365320484,12.456952692036856,7.527940021031584,18.916628949213365,21.792879957184354,21.742614069302693,7.81440021038158,66.09568410736634,27.29742129106423,4.534887065232718,1641,1202,22.136434389774216,3.853862735752654,61.351528706035126,0.5213909708481392,0.7325234836692319
SUP_012,Supplier,41.30051436620972,74.43620900596179,25.514463997797282,17.201819221522626,15.15306223822529,39.38846804310991,14.825621365944656,21.300594874352978,33.415790211935246,2.864491381558138,0.6330547014024539,2801,2612,20.902540028151556,5.5953249533764735,80.42509998691946,0.5195491639108027,0.9327757723145408
SUP_013,Supplier,30.1044986149178,138.64556288197812,8.315157237920513,16.94582409524576,12.61985471308479,34.04530003765348,24.101674772448202,47.1808982397139,59.42133053648172,22.82863131657131,0.7741311528061785,1509,1389,28.006584224184717,6.115342299609645,20.456898247885245,0.08436815064657402,0.9205926352939027
SUP_014,Supplier,60.54026640832816,34.045664181011475,13.167408831704424,37.13705314924822,12.857389986530961,10.670131321608281,18.461590514414194,7.0067708767832695,12.54013358294515,11.098755152153224,2.0158678627341997,769,673,13.490016396689134,2.913283274610375,69.36088705716764,0.319843905470324,0.8757448010168307
SUP_015,Supplier,159.8079002519326,24.47809284683586,15.65199342285476,4.243703206781458,3.441023679473154,55.321872667220546,13.152078731351022,28.95893070238477,38.77669218204946,13.462329766541808,5.4490834012799985,2501,1824,24.113872100437977,4.654419677476472,28.319233554683116,0.5792813685692361,0.7296215018008405
SUP_016,Supplier,90.82061238144648,135.04091442171506,24.05596443477584,26.103741519453937,13.373066019787139,58.97754201908784,13.363707678053231,37.632007739800166,23.38334910253523,13.162682475967497,2.197843088552574,1352,1316,21.387599999322262,3.4018901441469582,27.41622601771567,0.14074809724096074,0.9734938908388542
SUP_017,Supplier,60.55704739122232,51.390165894343205,25.81724961955186,23.765243166453423,14.037990961610427,15.738443593460874,39.8251686539291,37.526643644381764,14.73678533300011,25.358558208582366,3.489460195384553,1465,1135,12.975235134978696,6.535587986957927,47.86098555308092,0.13457577651306157,0.7749723812108557
SUP_018,Supplier,139.55382461097514,46.33311571186959,4.731750286700393,34.893515610958076,12.583732083234112,47.46418563478882,18.75173971283514,40.41365607129499,17.835514891507124,13.74712133523014,5.879339998854407,2790,2021,25.29812038644873,2.4685918274566383,36.810354267722516,0.14882381205937753,0.7246733271025098
SUP_019,Supplier,79.43871167686956,124.72896832485208,16.542804066110246,10.580607143576366,22.19009179749694,53.97909274757646,40.211401726702256,15.745829512169268,41.58675409266917,34.50465865264888,4.746068619704947,946,880,20.155299525219952,1.7931570337918967,42.3381075195917,0.21945853921190706,0.9307738695018987
SUP_020,Supplier,90.33110581045038,130.7599072925276,12.414114701672215,19.71278231157226,11.13977198116228,14.67039859876478,24.319669855279,13.802417287003177,23.0706307041129,5.10319144633079,2.4616903577797062,1820,1622,20.707054049385466,5.197869230566914,71.86442037503312,0.2875822835974729,0.8913984479219493
SUP_021,Supplier,184.7162123132678,92.2891857506903,6.422735039389744,28.748267372245692,20.24501106007985,25.838083853376332,39.71563250895386,45.77644646445949,29.383314116446623,34.45620859960233,1.2739134042681712,1514,1127,12.052946463236575,6.832135173049584,62.52901590112252,0.14126256993336372,0.7446347654296288
SUP_022,Supplier,99.25821530630282,104.21821363512129,4.336994379702732,35.64940563107153,20.48288131515531,35.260338678831914,43.7836847645893,23.799244067379487,78.88772233255484,24.041359960519692,3.990692002896678,1783,1381,29.93571945579656,7.372629484483488,62.648711171337744,0.12789586937103053,0.7747340720396096
SUP_023,Supplier,143.63497958150523,28.489420536703946,2.822196454866985,33.449462510194984,6.824317796724671,28.95135631095487,44.017923429118404,20.15782258374965,30.75428468983207,32.30086398755158,1.1091164492542696,1918,1818,27.828512237042276,5.305507887850483,40.41395167452758,0.20259318870699006,0.9478734153296497
SUP_024,Supplier,167.46591887686301,142.5741775229958,16.7121775512794,12.040577809099247,4.597693793456992,14.358973391591558,34.60586555209265,23.905342753147625,73.37519119945092,26.4091529239832,1.5519322985302269,1598,1428,22.32524686739683,5.111849975114116,42.90437152962754,0.5548685318508559,0.8941359805753364
SUP_025,Supplier,104.83169013166962,156.9702160121974,19.755979872280633,7.671795437886601,17.552083927734984,26.25520077158495,33.3941062773856,8.133851667308258,22.24170060231716,30.23932954389095,1.7494875636293319,1467,1126,9.598759175420359,1.6855914752942023,42.12470602333387,0.5698319085508052,0.7677733342660417
SUP_026,Supplier,58.795376382439734,67.2547838899004,3.918151385555428,31.236745776578907,11.391045883467376,47.96243665304214,41.43349024083142,15.474341619557993,66.5177221237966,3.950098372582358,5.44366063499136,1638,1603,27.958290675528257,5.4256135650067545,56.428641013728594,0.11659368152808865,0.9791382489109514
SUP_027,Supplier,100.46999788515657,81.75194932427931,26.20778106663476,23.225984146948175,10.749212626319421,58.840016425532966,12.09666195307368,24.01467927403751,12.94172726199837,26.4168359853087,5.549421037095328,2250,2048,10.803987107303117,5.658436455882898,83.23046098798558,0.5456234309999431,0.9103098304715618
SUP_028,Supplier,145.87676752271665,136.72183187761118,29.490363411297572,25.989746398380596,14.86125055707451,41.411905523164066,27.709007810177535,33.57900976593734,41.48895455807914,9.208625035149135,1.161359745814216,785,707,9.014718415386145,4.773175913492129,38.448849056528815,0.5447208848522193,0.9013852170193015
SUP_029,Supplier,33.36335713790956,47.82096667951546,22.446892118524087,25.155906966189182,3.4832992387308535,53.86197285811002,40.45868522456864,19.868360174409823,33.82840903446953,34.637935825555736,3.9439689437622603,1585,1347,25.480722131404185,1.418422680376845,57.882444280426824,0.6472625097147859,0.850025398412051
SUP_030,Supplier,174.0252968907571,90.60962491132047,3.7819454600259856,33.76082003227127,15.776505688075842,15.746649852978342,11.47271953846418,45.93320687464666,56.844018405665494,29.36646437745293,5.3343839515524705,1531,1345,19.38381973861091,3.9116926850222384,40.601528206422756,0.31075757651522706,0.8791261930828579
SUP_031,Supplier,159.29833803142816,102.27889749719408,26.99065211873569,19.405060532029946,15.963060310531343,41.56537765459944,29.892795005334044,36.61851978884823,26.62034278623644,18.90800465901109,1.0732364154459122,1929,1909,25.308507373397614,7.315827100791132,37.07391676891236,0.21294125885062393,0.99
SUP_032,Supplier,105.12148390596288,157.65684536403847,9.53085048314119,18.057960656467763,22.504040359340657,10.1460516310681,9.471340704577074,32.18322546820487,73.51661152989928,9.882269793263614,3.0830297607438997,940,845,15.289634156267116,4.236858666106119,32.74635132799554,0.41646804264546095,0.8996072613364126
SUP_033,Supplier,70.52297879287538,45.01392387357188,16.464033596487415,3.2037145689355704,2.1762727509321826,20.95344045509289,9.358690412530382,9.861158935881111,33.72024545371261,28.485327426133825,3.6462675385311547,817,618,16.72953063589896,1.479642964676383,38.058434730812735,0.5400093052704309,0.7564501192155405
SUP_034,Supplier,71.22121431732155,133.6399669684959,16.884785008924062,35.55491906236292,15.21992974808155,11.483411153236991,32.9905476792423,7.018410561060589,41.54179132881938,32.67108091761276,1.4086216663581759,518,512,17.042463655842006,6.917949316106296,66.41212189034567,0.41474312845442224,0.99
SUP_035,Supplier,75.68708921530077,134.44960571208773,28.74169432157969,33.38433645435838,2.035997419403877,41.820068509170355,9.892009113357727,16.592324915017485,14.166729024344018,21.925249947329796,4.276244524209337,1847,1760,16.44445542698955,4.074290006419915,43.988446414459574,0.12261500029111583,0.9530322634021722
SUP_036,Supplier,95.41060223374558,123.92081693222063,3.988214606931153,5.966660521030428,10.159739712227637,57.08628558094625,32.737187928747815,35.540148050265415,35.33439935865054,21.59080610988177,0.5557215121525886,709,643,11.055169180723375,1.9291469220758437,30.03090174340016,0.1531090887962567,0.9076487207683839
SUP_037,Supplier,134.81787667945412,122.44228128981388,16.839762641939725,33.673656104183166,24.799054214873564,51.0006314559678,33.71064782601049,28.962171474671596,41.41971501722958,4.784948557969898,2.6965281161708003,1880,1859,10.706072492722404,4.71944709763768,42.30587795622279,0.48750409252966875,0.9889356233792901
SUP_038,Supplier,137.41249674654915,137.6126326335365,21.38979914673831,18.90744986343548,17.478232315071946,23.769058712770928,19.33359945479387,40.5043321964357,41.24936614811075,28.346551237105633,5.023323055175531,1679,1565,20.74385978405159,5.983911462241462,26.4267851466413,0.5837912198105398,0.9326936467194126
SUP_039,Supplier,22.215746542893605,68.65758852776702,2.7677686792344143,17.540046337775777,14.093689774086446,35.58406932907559,14.128248840045817,34.058322954302554,13.134491535326775,27.14292506436971,5.706544386964504,2310,2266,8.559850717926519,5.26868103360485,61.39865063455831,0.254362499948775,0.9809960679602822
SUP_040,Supplier,32.90813999257718,74.39618975980864,10.71408986177502,28.053463670195345,15.932922737411879,28.229686409877,16.062024507434636,49.461618477001636,41.780113483728044,24.713049780747824,1.2730413216809842,1899,1707,29.503946595788094,4.551050051102859,28.826288059155914,0.10958132165221576,0.8988995096781948
SUP_041,Supplier,57.595532727033195,149.2174128536737,13.59620628119035,17.63106791573783,9.203744004614002,17.35309252832942,26.050494296119037,10.852150213001241,68.48361654676293,14.223100547085114,2.56141962279988,2231,2168,29.886875407305073,4.6359010636753055,25.733110746341595,0.41412640494615793,0.9721218110803388
SUP_042,Supplier,47.28517271657839,19.485958486044588,29.180780302962948,31.620938986778864,24.54250682551664,33.89392240111212,27.693528652512118,12.575163016360861,27.28351986673099,29.67212409179333,2.459021059146768,1877,1593,13.70536774097608,2.4261301712406933,23.747092842936617,0.255468787300828,0.8491091473797537
SUP_043,Supplier,68.64458458354099,155.13052095062906,17.615847135001232,15.84925044412878,15.350754822855007,16.959835067284775,24.429618720481507,33.18054446394787,44.222848225471594,15.2587004215927,5.96616613894834,2651,2515,15.168108586417896,6.19288476936639,49.99395827267532,0.48849081722708526,0.9488499657835054
SUP_044,Supplier,46.637146525850255,138.62087837572525,21.904772067104936,36.55688392688886,5.044564717804366,39.65072501802989,30.167461646492033,20.905733324605208,42.09264971984805,3.2533915885651643,4.602230212448566,2010,1738,10.746057907270663,6.2035271740612545,37.9248919363382,0.5762543486109134,0.8649670624969658
SUP_045,Supplier,189.92757688857162,36.57541556374177,14.95491694183102,39.29653299201935,13.118371027382372,53.17737612572726,29.783066318858836,21.889845856382085,30.004848886810915,8.70636200584088,4.689890052577335,898,779,21.32661666905925,6.988028676820178,43.547425661408425,0.48542987793196946,0.8676367198740079
SUP_046,Supplier,181.0014602283618,81.11699498519086,14.416763418693314,25.278328458126843,15.602355466717226,50.32946711631385,25.62988519979683,49.82553273377485,14.163009820709654,2.1045390031631572,4.021090713577931,1339,982,9.374067059619572,6.765828006812183,49.14073859901244,0.3562594934025393,0.734087974142556
SUP_047,Supplier,132.78665199677783,149.32547797586258,2.535250644033393,20.643208327759233,17.817606975902898,46.135347884911425,33.62369996687299,11.049580823365483,30.957691186017687,13.837612338761444,4.924404642237278,1195,1177,19.628718413888336,6.198382290123691,84.38549213005868,0.17039061044225673,0.9855714971621383
SUP_048,Supplier,199.03675548079963,28.02276237100223,2.0648913413347882,4.633991638579756,9.860995308945519,41.64531653392171,10.554093012850437,5.254961653830527,75.59637199211564,29.12357898601768,4.950507441264671,756,556,26.61027167291011,5.065705919695988,25.75930640802914,0.3425766858003265,0.7362103011226933
SUP_049,Supplier,33.97688024088891,74.09373949970248,13.398981695517573,5.442364233188938,10.022872281298024,15.549904939565742,37.90470277034122,47.645961168401186,15.062153268055702,33.518801840626146,3.3741712963520984,2051,1644,22.99847016998355,1.9114693489218713,74.73483843090764,0.19533873069474017,0.8015660933326232
SUP_050,Supplier,106.08677915514022,36.05349436827574,21.883081579807786,27.67361357752791,6.855586836821132,53.17003834285009,22.84832289612935,18.16317909818338,20.663071262517484,10.783544413012736,0.6211480667309934,2088,1299,26.529076419566852,4.6585768314823435,34.25280752505192,0.07020150692832364,0.6225219345029095
SUP_051,Supplier,58.63305318658451,75.3376070703084,23.269120003594303,9.950185543897643,18.555203427157778,53.34667341759418,24.796033380009213,41.9644396239167,48.82601436245669,23.023997623669864,3.394531531860115,2959,2647,13.162375719068685,3.11012257460459,38.848057731334585,0.3879733585722888,0.8946779789912908
SUP_052,Supplier,41.59166474430019,147.93479515183859,22.17834406792717,17.853488343788165,5.648355324106693,54.09960848608179,38.47978933374311,37.47746987227307,29.008293318786965,15.280739035311075,1.0651153884883284,1764,882,19.244841063219056,1.4951670237238996,37.951021258358466,0.4741858924734297,0.5
SUP_053,Supplier,31.284131891935857,136.70408139162032,2.106957834440327,12.132483160470382,19.040793291497643,25.81350748646534,11.7700183584425,21.210526346019254,28.927530046916786,29.809492771298313,2.2234135467182874,1318,869,17.54398323068365,6.932641806282669,44.525673507607536,0.628447049894065,0.659634542874306
SUP_054,Supplier,36.07211441460313,114.6177936429702,15.826793132794002,17.343005801858943,16.55237321121782,45.19285458171656,8.161440977061437,12.512888993623942,59.91322354440231,23.990718648080815,5.813261278207724,1022,910,28.916999570089438,5.626005159669284,39.3733935615638,0.11321895335051388,0.8913578542934051
SUP_055,Supplier,160.7282954020884,108.40163711400781,3.3492083470122944,16.321867238336196,24.00639575613858,35.02005728551006,24.01097803272907,25.596482232168228,24.62179068036146,14.167336638538242,2.5339729079294715,1391,1041,26.89704707925385,2.371944900035693,55.88450870246956,0.2994785004124701,0.7487921662679257
SUP_056,Supplier,149.53768698989546,68.81843414393256,26.3533689470879,30.028365355475238,16.897402934447193,49.812029778142715,35.89885229235014,6.6172403714699,37.63140476913797,32.716640811444165,1.1914834794572442,1551,1021,29.441019849377252,1.5288513629833211,64.34260224072969,0.3308924847806182,0.6583139107323792
SUP_057,Supplier,124.25154596744999,27.374493790227103,3.2041946522743054,27.674066440384102,20.936116885876512,49.10076674664836,28.12081193105078,9.494006951128018,58.16311106852097,9.982333157286817,5.51087786522061,2505,2229,23.6064252759226,7.177729521736121,22.04241839823274,0.49172025503645717,0.8900843645481487
SUP_058,Supplier,79.44370028055296,146.37955342452295,9.466905506535372,29.81969047465563,22.185881451967973,12.08284091913412,22.712960444905335,39.30390644098724,41.84432226553109,10.819336783188646,1.7089294185275452,2495,2191,10.762104724778375,1.3067702888043602,70.06028376421125,0.5342933224189296,0.878373627670343
SUP_059,Supplier,41.637301241703724,53.50951077899788,2.4914661742656095,13.852418598880893,19.782263100129445,35.898026385628945,20.87953694722666,21.728268270784863,10.09475380008277,11.893417409652784,4.055523079008617,806,786,8.519089222201641,6.860931809451488,70.90789686441069,0.5182256741425882,0.9754924887758624
SUP_060,Supplier,102.43923662064287,72.71076747840291,10.481640407329394,5.430709781311534,7.24941336035508,22.330181748901232,25.91085157927746,38.63499829685123,43.166687987856264,3.9088668317563,5.767843905435122,892,747,13.261493111209347,4.543645338307066,62.31222678267472,0.4367547048454061,0.8375480185193831
SUP_061,Supplier,121.03283773071249,127.65456149744769,7.73947386675086,29.848206410153388,16.25389514296105,54.80375558972867,39.346194244242525,19.181616760964896,29.336612748260716,34.39455968713078,3.399958495033911,1591,1370,16.5396455347939,5.4470208618771965,36.893823650784135,0.2571153250965263,0.8611157633558755
SUP_062,Supplier,185.14745176375823,57.123153322355954,15.159671508422225,35.93522208365254,18.27759105615313,13.110161308235138,13.450212638321903,5.352871584736257,54.164525316041434,16.773223038543804,1.2385116799625155,2969,2817,19.652513926803636,2.7239277529112016,52.53923212505599,0.45777219964106464,0.9489362550608992
SUP_063,Supplier,33.72305923524161,54.83205318194434,24.59503374475182,20.007600204898466,14.571274266742783,31.640800110473464,9.62429787779119,12.458740091907018,41.187914711932365,8.903120358461617,0.7748846576282331,2878,2632,25.449143227928268,6.578845006739402,35.72851347060795,0.6263761853079198,0.9146119692687994
SUP_064,Supplier,55.44662680161711,152.95732250246567,29.85494023104663,29.333743812603803,24.566305831211903,38.47698897835518,17.603045977515343,24.66481485495294,51.54926547651502,4.411691546891495,3.9228879553948537,2701,2532,8.312181086706879,6.425167249838629,67.58796944479212,0.263024633871175,0.9377318420054689
SUP_065,Supplier,145.69600830096311,72.30485931494567,28.68111028793917,38.78094921276329,11.034256843614898,52.7110953170434,36.604294542806244,18.94999717273052,26.242788023077416,17.121743462963515,4.797418623379234,2377,1850,26.81455367040414,4.999305128874254,74.3015090047382,0.5206525148020505,0.7783046684175957
SUP_066,Supplier,87.85739754673041,95.03859380750455,24.533087415711456,4.704099165028386,20.585823494184087,18.894406202451172,27.04329383349324,41.372394780017196,27.76747547096864,10.11164549710305,2.7152041915423855,2176,1965,8.009741191618573,6.87871350884419,29.997456601704506,0.6440518256404892,0.9032234595890929
SUP_067,Supplier,191.87245874692425,86.72790249073608,16.35616693875359,20.817325590206607,16.61520385016902,14.536085111746551,9.20686408863796,7.596631778715448,41.105574446906004,11.093081994242953,3.921217593040466,1184,1143,13.522030431770606,4.753666381651162,43.30759999911676,0.44397864422472566,0.9654746960473125
SUP_068,Supplier,63.271804320831244,42.78097713154973,27.710694426912237,6.766736269132865,13.637031877903429,21.042639148150446,9.440408643049695,6.620846823114188,22.265524047407915,30.603421698698007,2.0536330918736465,2103,1750,20.795690445762258,3.950669395543226,57.70577425351455,0.3600190311357606,0.8324406722229534
SUP_069,Supplier,156.57972567631853,55.96192956606358,11.885410964808466,36.08148919373028,23.768499802459324,54.62791137432372,23.519575776420602,40.116447635309676,43.343501331076915,18.41881512082137,1.6257405998150618,720,712,13.616799683086496,3.0628764464621065,58.59716125262501,0.06968577447716506,0.99
SUP_070,Supplier,134.48764438039427,67.83136457209363,10.26677046970998,35.541373116940676,12.580055098358375,14.752652276634638,38.58963041697114,7.143856584642797,60.87244569177376,27.53890531843195,2.4393143326087197,789,575,27.269427837375254,4.596295682236855,38.360707714050235,0.30513691126261633,0.7299742773590888
SUP_071,Supplier,26.762796271803328,33.54068617725055,23.435309014444105,3.0004304859485473,11.58101405509272,36.12550905427942,10.021473540035975,48.78851733375498,25.828773187477033,12.038557747997269,2.1716838174026503,2038,1773,27.420156374815285,1.5269759446000468,32.42271611724017,0.23605072300565305,0.870123470520693
SUP_072,Supplier,151.71045258155831,107.89216095637505,13.64642932829194,31.0855507525599,16.021513268108745,54.802039982860954,38.26698971813164,16.376612274014025,29.000700434394016,6.136763701148726,2.353305991446011,2409,2146,16.92652570953134,2.58907713854137,69.56138749091095,0.37548260207759365,0.8910995940309434
SUP_073,Supplier,46.92826091485146,70.20000376832553,13.605152035101613,30.89169892106109,2.4754414845138024,23.450982339915523,27.151063148674314,17.098103410377952,53.99038331932992,17.901626816062347,2.4894064017276936,2083,2015,14.524318068530476,5.700872233648826,69.33534336392552,0.11150957843988467,0.9678221181149312
SUP_074,Supplier,112.49380355721819,88.7891305607031,12.33986156603515,37.51821991507787,21.03264535708409,44.86046909548184,34.43008552219491,25.77722647159036,74.46961647676031,24.92164909935842,4.509395839106991,2161,1971,15.581289857846311,1.3944047971408564,23.373194468696706,0.13530226802233733,0.9120995596338394
SUP_075,Supplier,58.410802635624115,111.44619816456878,6.405135840051191,7.398352473551664,19.58854025395442,43.552764192995724,24.106996193843738,29.718939716604677,31.838881422849294,17.922513867766902,3.2866995694051018,1651,1201,27.944588634787582,1.3011897493803386,70.84113210093099,0.1246296987447946,0.7277862823320028
SUP_076,Supplier,163.5585248966959,104.30722777312458,25.611786546219268,6.608030048713206,14.856554584294804,35.05439401310986,34.12914776964427,29.04307483521541,47.85141969931729,16.176666138010134,2.198589332040375,889,820,10.606831892904813,7.257534035593434,66.43669963572889,0.6214802700127081,0.9226708976505918
SUP_077,Supplier,60.81092881939339,142.50444792559657,24.646119567779078,28.054639260933925,16.375671279959732,25.8274832633935,38.20719904370614,27.568195766588023,14.962410312389975,12.32448430821929,5.644134041999302,1094,959,21.815854417290158,2.759313460784595,30.582978228996147,0.16214866436507697,0.8766846389483045
SUP_078,Supplier,23.56321850250579,71.64890609296118,7.35997505398719,18.231252036897992,23.504871932291604,31.527010475359496,40.48542638843889,32.24771449771444,27.299208826297434,13.743207055553976,0.9615574470178618,518,441,22.90590080107775,1.6542998854554416,33.3510915510719,0.27886462484798685,0.8522876056391184
SUP_079,Supplier,196.76891666287327,128.80496432903763,22.53762890177891,7.299065391441501,19.962905553144804,49.26344057580076,30.240799738100147,49.56628018992674,32.76777341471863,33.0619907919811,5.53102113226077,1915,1781,9.485056027044083,4.467816264597748,31.65870433079368,0.6324059272458465,0.9304902552153917
SUP_080,Supplier,40.39463085094356,73.52214534243073,22.660779575368974,29.068513837015477,11.722758648560442,27.326208397635913,22.71165800645621,16.89243184213877,24.373305709475986,17.94031001944337,1.9769356583718403,2159,2121,20.091337907676646,5.545606750263163,29.356224382195006,0.4072157967551624,0.9828325070168872
SUP_081,Supplier,50.97990850809998,149.20072013852274,3.9133549356769177,18.92386573855935,18.00334198607523,32.90111058341294,11.407524369617388,29.902055725701832,54.91423361791482,25.225146262686753,2.552928979545174,1806,1786,22.872578337156042,5.65176818023587,59.65048211016657,0.23774443652818894,0.9893151865868666
SUP_082,Supplier,68.79732567753183,101.66190099189195,26.25067774112736,38.02914797016564,4.435833501286425,17.741430629885993,42.95524157497395,38.14408527506566,71.80956773808411,8.686876926466324,3.7317222911017103,1109,1092,16.218205623049002,1.5180803497981699,60.78662716597816,0.2813681077193888,0.9851665368899117
SUP_083,Supplier,188.52808509437943,93.58856085901606,28.31024231621823,11.157896658512252,18.691695938374377,40.862451042436284,35.35810450375854,14.660053878764156,56.54961613664416,18.435332970876676,4.5855373619847395,1189,1110,10.037760627130078,5.914821402960258,79.44566315015632,0.31041258362525526,0.9343405385857857
SUP_084,Supplier,66.56809558797937,77.98848125595842,22.256538899800027,3.3350039784737264,15.557441758148036,40.66458424436895,31.594465135149612,15.890993599139474,59.98369063646887,5.015919048948621,1.5959868505674044,650,391,9.10040869006447,6.942584147949494,21.917763584438386,0.26358261949303663,0.6025766129864357
SUP_085,Supplier,22.846375321933174,26.186049438239372,27.512711985042216,16.12985073760747,11.769745199776217,20.76721906912763,30.092543496908633,31.766144660500533,36.05402742776535,12.990150769578147,5.3673036949932325,774,671,18.85702182739698,2.984820003277063,71.14001771821327,0.288468894139455,0.8679962715434768
SUP_086,Supplier,112.44998837797841,51.736789658650906,29.65446858555505,13.785342414177746,19.72707821082769,31.37478251783796,15.630043988113176,40.987344378418754,33.35247523203302,30.551380464127764,5.533914517048027,1148,958,8.770174125749724,6.1604520735321655,46.73706532244435,0.574233752109335,0.8349036140722076
SUP_087,Supplier,134.831767283253,135.87825445087395,15.984089556271389,22.795943670160515,5.320915539074346,49.19936793446777,23.51741563167795,27.50360532222122,64.95683998669953,21.761898202621488,1.606043000934671,755,747,16.967922875552425,4.158010914876335,21.840232836173406,0.17601760970976899,0.9894803320589456
SUP_088,Supplier,70.58685464858509,118.37920113952683,2.3217892523472288,18.124758665477884,23.252618019791853,15.594030827456193,27.10770236408861,40.393507207588115,75.97719152640818,26.643629104612693,4.463110517544234,2850,2775,23.07295481723865,1.895720739489947,38.797184009236744,0.2358841251934814,0.9738469128304289
SUP_089,Supplier,64.99225035157181,89.67582065790985,16.995506816630833,16.204781081331078,10.137150650938029,51.42777989530407,37.20383538782836,18.850812425633556,73.96519107112815,33.4428955610827,2.2970839811652244,2525,1784,16.217443891793124,2.9104421513457677,35.06593336880775,0.24116537765816431,0.7068782049073642
SUP_090,Supplier,182.64051981785545,26.257912518373285,25.208395735082842,15.908932776547472,13.996786108261238,49.72428168242453,40.72193223984994,20.515163903269116,42.32904368925772,15.679030138954145,0.572880684271508,1808,1743,18.10216314211636,3.7898897359467707,66.92539978851917,0.28088217033266194,0.9643487292848097
SUP_091,Supplier,108.08776081472064,77.2932458591927,22.737532169042375,34.929978762517614,14.233448817172825,49.47160970975956,18.981107234734473,29.361632457077093,34.16609675689807,15.6686305438704,4.5282762564696775,998,929,13.313810517436998,3.431909361468459,26.847456491286657,0.18341678284890217,0.9316541204320914
SUP_092,Supplier,113.46042274043693,103.12413904886962,8.86986479665391,5.136089891329337,10.993755989930168,21.71016854631671,16.123495159502674,48.193826122105484,53.14103401480068,20.376988624679164,2.786763069378271,518,472,22.937526846836924,3.7947478646302244,68.98365099847393,0.17220028266361093,0.912006379902083
SUP_093,Supplier,78.95938973242383,94.26936198939687,18.111462844012152,3.81923459248729,23.7376263413882,44.8313635608695,26.34103875857997,46.990725548373874,40.736689567557995,34.35437381892227,3.317566164839168,1792,1461,16.62090621013657,6.842751098998305,33.28056492093307,0.35468303837526743,0.8158232489657169
SUP_094,Supplier,95.46889900988396,17.627985951630812,24.19722718003876,5.55469853364019,12.907865482469933,38.033914746947495,31.251778894739722,35.9884233188544,27.729066846590054,2.3292996297288293,4.478940142952016,2347,1643,26.394589470559474,6.374746686274374,74.8162009062124,0.3410567959877241,0.7002324203769715
SUP_095,Supplier,80.05311125063582,129.77593937574864,14.636235164819137,9.787361266927077,21.66440244991391,54.127993838617364,25.253460977186293,8.406487728940437,37.14782629418519,28.51674276226591,5.459757157004257,693,561,9.473419464555974,6.727307854736884,45.311321033626896,0.3750565785605379,0.8105790010639499
SUP_096,Supplier,194.2518461691366,24.651885547562316,20.152904208658676,5.741900635270081,10.635785354729508,50.190727259672336,24.038472611958472,49.87320592563277,49.134149946262156,12.598351036986465,1.7106122924761422,2217,2015,24.043164344100145,5.032976296044112,65.93122712539378,0.27468823998081016,0.9092685305035604
SUP_097,Supplier,86.50674812564846,21.571295449329718,11.798458306829914,37.3836708836962,10.722210355150326,51.568385311098496,39.16604367574756,21.795852037065522,54.23920762773324,5.147262875010934,1.0702321940385207,1571,997,9.462193167077986,6.029044812055283,57.94138320253866,0.5191759862947755,0.634786311515906
SUP_098,Supplier,155.31445863125128,131.43530043388637,16.504225859329495,8.192007173160054,17.43662188773284,41.02368925259853,35.463367926366224,12.644645272283089,23.648263993020244,31.38351406823784,4.624877891486389,2948,2595,13.68108243265552,5.0140940722978,48.155602235485816,0.514581609766757,0.8802946150297952
SUP_099,Supplier,173.4652918889017,93.53873064143018,23.231484177569655,14.35546698819909,11.544337954201799,45.63888381084155,22.289843734230136,31.482722082154496,22.976094535775804,21.79245339402643,5.2383253897479145,1149,876,19.155312228251802,2.383898399136535,25.003158509756815,0.4676936870827551,0.7632151268608791
SUP_100,Supplier,88.90377759854981,134.1654872548771,20.466301521941567,32.460933670030634,8.254758906624321,44.6179461230529,17.770293433667597,47.25808157526312,54.54619970733621,12.70888940578629,1.9823152426074995,655,612,18.18852370442525,2.9542825421535097,62.55608989815944,0.5442604374794737,0.9350545839685911
SUP_101,Supplier,31.365252726930436,127.63462009404793,25.006142122929592,20.07634832077845,24.61603010682475,49.33541703536545,36.62551490113964,38.65273584854323,20.54256722527918,9.168619252949357,3.0519457230543376,1593,1270,17.13530139134889,6.797323892514401,73.5812479721525,0.4280239270879893,0.7977307902172653
SUP_102,Supplier,174.46167096519864,128.64699640750115,14.011578091544933,10.43941062584797,13.826623920214802,46.8114441264275,24.14752515299494,35.004735940275374,16.602919840373055,26.684156300256312,4.969924909411841,1392,1304,9.479630107282093,1.7979830019765193,84.92801978216389,0.24598354965554659,0.9369481142566904
SUP_103,Supplier,154.67310416879235,131.9664326888884,26.024651588202417,39.91224700387979,7.55441916090796,12.017541342984986,23.21408616579968,10.853630142302613,11.56981224134386,13.894085295669042,4.810560380913801,2494,2306,8.30136810899612,1.7054001526709985,40.29276393414423,0.05944574779740619,0.924939961684757
SUP_104,Supplier,23.08696074473566,147.9074787381496,21.772438059333513,14.431371632521648,5.050825284821922,35.58178589475386,8.197807951611486,47.22861847361648,39.0370583572263,15.27705352283198,2.648264841699802,567,523,29.794941455446846,5.967400052531978,48.749097354323794,0.4744382000197566,0.9225741131570917
SUP_105,Supplier,90.06148490452193,48.186942060107356,18.711852552857263,37.342737630216206,23.370208960355644,27.095263905274514,27.524066250202715,14.523615435643753,79.69417766492184,34.37689095964188,4.07229911339096,1636,1515,18.14567182758602,7.121570289409881,52.76024463376119,0.6195204159085349,0.9262048132266973
SUP_106,Supplier,169.90974233643362,67.55254177929521,26.18195979630525,7.072341515441263,23.276085032889334,41.582175754144586,10.012457695325514,33.99155256428652,78.19733579013293,4.3034216022827545,3.5507824037904747,1332,1256,21.99068719018764,4.975603331678458,31.658140668800662,0.47308348734233796,0.942999901389973
SUP_107,Supplier,101.93095851205815,111.82528578245717,25.446278233564218,9.279951857346157,2.4403319639272434,48.955129319789336,30.55880473064679,36.483780632995476,68.67084824920498,28.492760849208516,5.785060808108535,589,492,16.84151839759606,2.1682535699184884,57.219470137331456,0.2162075145955873,0.8368669625339042
SUP_108,Supplier,185.83535219833558,99.56266662017914,18.599525054227083,16.132212452449373,3.1957550954872724,11.587188268649431,23.663400333668307,8.805442014375704,52.479286887809735,31.072109186108694,5.356031490852972,1329,1213,21.129081239157173,4.359926909483074,83.45215337422545,0.46007226644450533,0.912790854396038
SUP_109,Supplier,87.57939974022428,131.01064765114586,26.768332201793257,7.633160702122763,6.61271849044113,20.811350456388986,33.57483694730199,32.13677997739775,53.329409528901174,33.04551888975353,4.767513430440183,2913,2622,15.376139101722506,1.6222041878326228,83.39730367613959,0.540184344363102,0.9002848166173315
SUP_110,Supplier,173.4585358242747,151.00495855791465,4.3828976113539895,17.267110922993332,3.633802448012049,20.53965507750143,16.486533750393875,26.10982449714104,28.79935172175498,5.332277524986116,1.4212009900175924,2540,1825,29.290752235930363,3.9703650649998234,38.093951308072675,0.528975918325512,0.7185658830470928
SUP_111,Supplier,78.72570524740642,58.410589187275505,8.510167781819273,7.798122194296708,7.898650403385617,27.765987423694384,32.93778570139202,7.815417899875321,24.735485776574006,28.697780129625322,1.3080705797107393,2483,2177,9.682559020984888,7.416393339455347,37.63878763003569,0.1091497562134474,0.8770634064563945
SUP_112,Supplier,169.2765621426367,117.46795238326648,19.282126564581223,8.771291956860527,13.005410673887123,49.02780134436069,19.234085711322088,19.026042283176864,10.219863423368547,7.750032254297525,5.314730938170088,1490,1475,16.705575198623436,5.70567466511552,38.3247377888074,0.2682857846845601,0.99
SUP_113,Supplier,54.330677766361035,65.32404343241228,17.322650571778006,39.69559659623223,17.27663940065107,19.9622977204157,9.663573338887392,10.686041659152977,49.378864089113314,27.250290850953288,5.672305640154108,1605,1468,18.359081836909887,5.3331466384469355,56.37262554024723,0.4622234903494883,0.9151535677995087
SUP_114,Supplier,138.45486525485427,31.9667001044022,24.392101581324148,7.559605301504019,18.066204379810152,30.807268382030337,27.012477179334123,45.648410646906974,72.29186085314406,28.989258086615976,3.305816092509778,2112,2016,20.744918266562635,4.284634110916542,61.90844115749321,0.18789603547857103,0.9548366874183665
SUP_115,Supplier,119.47920819981468,68.96512201080009,20.526683269617294,8.22527110480653,15.130180587307953,19.263517769166185,18.309793335256344,14.841941014561245,22.798644590817197,29.24846140150201,2.0713916221348967,2969,2716,29.3383835575942,4.798940960603713,29.295072973272216,0.2747289460277488,0.9149831948017602
SUP_116,Supplier,163.5918074026785,68.27165566107521,4.436482112478085,23.601041704342954,21.4377795844088,49.79631935717512,14.47955618482307,35.274407648561,25.4352984404953,9.200848640221682,5.307394753178518,882,693,13.791441623396246,1.2041163617961872,76.59348721815866,0.5255568879254808,0.7862218937181938
SUP_117,Supplier,132.91920831632206,123.78853577113213,6.25735988788577,19.957972999740292,10.078045909021961,14.688826312850825,25.98682795295219,46.43328426541859,12.804138333548615,11.618210145295198,1.641475149131369,1634,1384,27.985560141346255,4.148835041676028,50.30946184108822,0.5063453854731694,0.8472711738645413
SUP_118,Supplier,47.80859672088664,85.65347634450737,14.039585995389672,25.085695550226276,24.989827174760087,48.47244470410235,22.721031011644804,42.23988735233211,21.949585431873615,3.005301648195684,1.6244660485535019,2090,2032,22.225209766870563,2.6284694617637507,63.55211495749184,0.3309981115602881,0.9725484462658092
SUP_119,Supplier,159.23949353567969,32.893118204811486,19.537025846373464,13.303416970319436,21.618585892603605,56.41917528181537,44.86673686612505,40.82033310922775,62.76138492996032,9.111525042629184,2.348038824445598,2687,2523,23.941162310647837,1.903035899730659,59.54076750050516,0.21862985010013347,0.9392300744730206
SUP_120,Supplier,51.22928906390396,70.06397082330103,24.440481734242702,17.50746234546919,19.26770193185428,16.274314839957533,36.59254252760793,15.66199962079919,57.4175190922211,20.67079130975288,5.61029594466428,889,667,16.04948781025137,3.203712307070788,68.71269038875256,0.308667443058203,0.7503829480970204
SUP_121,Supplier,35.758759525000514,56.00616394722246,13.720303994881696,13.823107742621325,9.640728131788396,24.688795308719538,9.53546918577394,33.66926153709991,51.81046942474285,23.56165544979646,1.557704428184951,1551,1128,26.65840317034386,7.167117216271562,77.51558265024028,0.4934401855636235,0.7278396157756392
SUP_122,Supplier,69.94364235049173,55.8343261053166,28.974088972489064,3.380526349620605,18.469149384569324,45.31230812776311,31.039513015142507,49.55489807390896,31.831560503460768,13.21907150517719,0.9341667162060555,2542,2394,26.68975274073383,1.760635203594984,84.46024476920937,0.37460173935659746,0.9420075997102574
SUP_123,Supplier,197.27223391407693,151.15448120246674,14.678783997905668,10.344169760397916,5.7923498609981845,21.999468193497876,34.27490770088788,17.282749762916954,33.89976887230088,16.809700531822287,5.52277974231801,2102,1841,13.426489547718942,4.167049590338821,63.02438612140575,0.5007062821724256,0.8762679754905204
SUP_124,Supplier,155.69625488778433,98.7942113406428,27.322073699828003,33.24409035032605,19.412106638068384,12.780276084023031,8.254484602127025,14.560127473796284,56.44665157394166,15.569517133124013,2.7132344261462147,2898,2708,15.848911655711998,5.972026006339521,39.17970270218011,0.22931428115541846,0.9344970666675784
SUP_125,Supplier,39.270292139753494,78.80841674386281,22.431933381927823,37.788169806137546,15.88733081436921,53.15677688678695,38.4323020237384,12.800437383887639,44.0072200238842,5.858476672337918,4.251842388588992,749,715,11.015968077732643,5.82346372405601,61.095479806410964,0.40016302220485983,0.9558476367868549
SUP_126,Supplier,90.22164224390106,66.49408892430282,3.26697729252886,11.062622205324498,2.3490682925970185,39.070855279101025,11.916569727482628,44.28587273133722,46.62001144880156,25.089766998937378,2.7597140051227305,2685,2419,15.189483528871103,1.2681098269017368,73.72581982244517,0.5305884202420189,0.9010292714515288
SUP_127,Supplier,38.80181325802725,98.64432026424153,14.991487548672847,7.392236533837124,24.55306922239664,20.734794373167773,10.487664663350763,31.768132077585932,61.72066739931228,3.07063371955717,4.122947012998622,2511,2253,12.907365353940651,6.700585709414634,71.3169993975634,0.4988964958326113,0.8974725701556051
SUP_128,Supplier,121.02602205348633,50.705403340737014,13.859341647773098,32.362114217935655,2.730905140218462,49.10253846318791,16.88261739803996,11.493914032472137,18.09909227262115,2.8992503943768986,3.379725668717991,777,653,12.983475772794325,5.068012929848965,36.435777686257225,0.39657905260665355,0.8406724701359575
SUP_129,Supplier,84.65757445688426,134.41507285871376,24.97949250146982,20.661964730528847,10.068839514705358,28.12798982795473,37.81143744972406,19.76807672589254,24.63415615947922,4.794715281885125,3.0668121648642463,1089,895,28.083633784204658,4.763835484488336,31.873704975578427,0.13375932041588007,0.8222162206598718
SUP_130,Supplier,123.7650387603957,125.47312372005436,23.8821581367811,13.203023964327407,6.697675454979852,10.83781522461912,33.13036859444327,8.445571629509255,39.45328412361481,21.85551141260377,5.6540991970582235,1485,1251,16.97045831006011,2.215678515443272,62.6666242275427,0.6326905444209715,0.8425496632092819
SUP_131,Supplier,121.19398599161453,118.63922508437214,3.91661267184847,18.453678845228804,4.676245158783405,40.63979177682552,42.72383985392372,34.77999796122373,15.376213382009507,13.703984764507734,3.5286485869246835,2669,2538,26.34016823045379,6.332427329672932,59.769016306709396,0.27407476707962314,0.9509225023523467
SUP_132,Supplier,65.96054727738394,30.351776140903752,11.937135137623514,18.287383136685623,17.543927277393692,42.90799121487867,10.594001166726507,22.7866691944021,22.724520705215333,7.174819275454587,5.050161823554853,1713,1273,11.438241610095076,2.5865586642897354,53.687951469097015,0.47606885980236757,0.743594943440284
SUP_133,Supplier,37.231229853991515,61.065731144338514,29.122888956082,12.706689770894991,9.200153336452377,51.824924530901676,9.857933972546844,25.90759259640369,36.573173511616915,12.447363076985487,2.0713477672462046,1981,1652,14.926168245736275,1.471230137108712,70.7626511368883,0.28893667637480697,0.8340989837145995
SUP_134,Supplier,99.90268981758409,144.5712150352691,20.42553954811418,3.2981868236584324,23.693020928109554,21.85722329888556,11.981724836114777,39.5657680271397,45.03341211067027,16.31442867859458,1.8722669382550796,2413,2261,19.310099736127714,3.143350173383749,57.24774304023602,0.2451267177657268,0.9372616561232183
SUP_135,Supplier,27.068494563497417,54.43979777493163,2.178613215384539,39.19912712110369,24.212185825854192,29.75776487361525,34.9497216105669,20.561274428469126,56.97652099601832,28.57919142051731,5.707159345807324,2697,2659,25.23255562503305,2.8753492389823485,84.37159974658714,0.06546175925861068,0.985928030608354
SUP_136,Supplier,128.63518517020177,110.62836733944243,21.265275598075608,7.4543404151962935,23.586185019882,19.05916395250414,31.04187591987412,15.020423560538823,31.50514919148896,20.033131877028104,2.794563802105171,2517,1994,11.760600853258662,3.8343121654256374,69.22339358790754,0.5887787881086731,0.7925347609199724
SUP_137,Supplier,35.14297920668891,72.00006659611316,4.806875784240546,3.6139217834061217,17.219529700811,40.12247209832939,14.03170721115079,15.521577489187885,11.659542755116286,29.553257787915324,5.860798278267033,1971,1794,14.157638349421392,2.949630250310316,22.335461842088243,0.6061498077986649,0.9103580042530675
SUP_138,Supplier,58.46566548265911,75.90059074180371,2.2712327167470967,34.74433836385711,18.816618922463096,57.33780175868516,36.919772730266764,19.116793042342934,27.351135110989656,25.024638149258667,2.502620262557747,2423,2374,29.42360909385729,4.628451573773324,37.89054676740554,0.4756633187803848,0.9798139744910536
SUP_139,Supplier,68.86856045768803,146.11527725409695,12.49221517420654,23.345136822719592,3.163181387957264,31.30606189761154,38.79745096745681,41.254196241350385,25.70229911974684,9.460609343348569,4.995179217172803,2360,2210,9.97815738691345,2.417471315975259,23.286347217370032,0.42587421180615626,0.9366460905802471
SUP_140,Supplier,71.71880897160236,55.563165326515296,11.295952238657424,27.5234621457597,22.02457927412028,47.95434662778192,34.91858151832851,26.797603352038216,58.566388987718824,20.241158145108244,1.689377905025909,563,414,14.520624151256236,6.938056827109824,55.58196462468218,0.49034322620112164,0.7367458976082859
SUP_141,Supplier,82.38057676697858,74.11878674645766,5.5158362018430385,9.337913439401802,21.02920076100135,39.2419315844441,20.4887012377013,41.12830440479957,27.256393394658808,34.209079053806725,2.3964968426039337,1191,1150,27.705178773865562,3.0729093869723565,34.949594007610635,0.29678238323973877,0.965729854382612
SUP_142,Supplier,63.29568533242677,112.49565727729703,25.129811167351995,27.90440884371503,20.960060286735036,29.84960811037371,13.783727916227852,38.207792632891646,35.23321535990877,24.151937232561373,1.9885416808997112,2325,2022,8.66046930727958,4.0005279942160055,52.80023659950022,0.12036808868026702,0.8700582693370763
SUP_143,Supplier,50.43112011914893,66.01172592950111,23.326924533982552,21.76204969022987,16.671743114718115,59.25872775453374,36.41620110658876,24.546267416354798,41.25093452575841,22.419478542353165,4.159508646303974,2387,2278,26.712639616332552,2.469628781439771,80.73814751897369,0.46345259224893776,0.9544673385856304
SUP_144,Supplier,168.18917828240544,95.64765043135169,23.826467639873776,3.5994147015602866,20.82274976992931,12.006942954268325,40.92679492542591,49.63832362573895,30.58472235237445,8.94051235743119,4.709498501219224,1909,1788,21.25433627547601,4.423323069869788,23.965464295350667,0.2226987793109635,0.936830173306577
SUP_145,Supplier,36.78886042007058,154.75435832737867,5.7822440943213,8.615690164490776,22.46026222160132,57.196414173822895,36.335674451691666,5.243221565270144,10.094238966959459,14.477325402985876,1.288674535059909,1619,1332,12.977993460070095,5.561832128772809,35.16663347220623,0.4251981019726723,0.8230670081506545
SUP_146,Supplier,154.4740880832252,46.71351389144819,3.678412424116632,7.846028490784441,15.937930247233586,52.47232031128678,9.664882385710701,38.036806656874084,33.892305216503644,17.791436207344244,5.608727524150611,1947,1690,10.780501292924676,1.3754166177377043,60.47759834903416,0.5340545382734757,0.8682293696578882
SUP_147,Supplier,171.5628190712139,84.99345359615549,23.768753081106794,27.895343939076156,18.657854132480065,34.629950261090706,31.436234388958702,41.248666110922564,37.851892288991614,28.597303728630262,3.756092635339846,2672,2442,8.543051458940862,3.485347682514658,55.53526133926209,0.5538922113220931,0.914187602262824
SUP_148,Supplier,42.94742242524431,131.02992041411898,26.164253289882353,8.57543701903085,21.586669343997038,59.5726783921396,34.89303674878479,40.31463568212446,79.60906872912113,21.980881267356196,2.1933751010893716,663,622,21.518687105255886,4.861531169442026,36.48631110841249,0.503800561749732,0.9384885727096793
SUP_149,Supplier,34.700109654817325,149.02162526522588,11.123056901573573,7.727662153229646,12.174430261355633,12.123495462826657,33.33116918780375,45.62174797004103,68.60841049969562,6.203192623780075,1.1944912540925252,2079,1147,28.33359404126855,4.102219927950982,52.433122599394785,0.24095722483143556,0.5520592062170527
